query,reference,AA,TT,CC,GG,total,whole_genome_gc_percent,at_percent,gc_percent,subs_percent,higher_gc,whole_genome_higher_gc
M02127_238_000000000-B2HYR_1_1103_8875_27468,Staphylococcus_aureus_16S,69,55,43,86,253,32.7,49.01185770750988,50.988142292490124,0,no,no
M02127_238_000000000-B2HYR_1_1110_17351_6190,Listeria_monocytogenes_16S,63,50,47,93,253,38.04,44.66403162055336,55.33596837944664,0,yes,no
M02127_238_000000000-B2HYR_1_1112_24169_23142,Escherichia_coli_16S_1,64,47,51,91,253,50.6,43.873517786561266,56.126482213438734,0,yes,yes
M02127_238_000000000-B2HYR_1_1108_18875_12688,Salmonella_enterica_16S_1,64,45,52,92,253,52.1,43.08300395256917,56.916996047430835,0,yes,yes
M02127_238_000000000-B2HYR_1_1112_13235_7895,Pseudomonas_aeruginosa_16S,71,48,48,86,253,66.6,47.03557312252965,52.96442687747036,0,no,yes
M02127_238_000000000-B2HYR_1_1109_16878_13492,Enterococcus_faecalis_16S,63,52,46,92,253,38,45.45454545454545,54.54545454545454,0,no,no
M02127_238_000000000-B2HYR_1_2104_26586_7807,Lactobacillus_fermentum_16S,69,55,44,85,253,49.7,49.01185770750988,50.988142292490124,0,no,yes
M02127_238_000000000-B2HYR_1_2110_10907_19786,Bacillus_subtilis_16S,63,48,47,95,253,43.61,43.873517786561266,56.126482213438734,0,yes,no
