Df,SumsOfSqs,MeanSqs,F.Model,R2,Pr(>F),x1
4,4.908329654600203,1.2270824136500507,75.6230027583885,0.43423353398299347,1e-4,polymerase
13,5.600014065408939,0.4307703127237646,26.547641939094284,0.49542595324621974,1e-4,interaction_polymerase_cycles
49,0.7950892727832456,0.01622631168945399,NA,0.07034051277078678,NA,Residuals
66,11.303432992792388,NA,NA,1,NA,Total
