statistic,parameter,pvalue,bh,cycle,sub_sample_level
7.848484848484851,2,0.019757098702433966,0.019757098702433966,20x,full_data
15.978947368421046,4,0.0030475436240141414,0.005163826446544324,25x,full_data
29.221431958274053,4,7.048058430739403e-6,2.819223372295761e-5,30x,full_data
15.438596491228068,4,0.003872869834908243,0.005163826446544324,35x,full_data
