statistic,parameter,pvalue,bh,cycle,sub_sample_level
7.848484848484851,2,0.019757098702433966,0.019757098702433966,20x,full_data
16.436842105263153,4,0.002485659450622923,0.0035529748843612053,25x,full_data
23.391038406827874,4,1.0576720155225101e-4,4.2306880620900404e-4,30x,full_data
16.28070175438596,4,0.0026647311632709042,0.0035529748843612053,35x,full_data
