statistic,parameter,pvalue,bh,cycle,sub_sample_level
7.848484848484851,2,0.019757098702433966,0.019757098702433966,20x,full_data
12.94736842105263,4,0.011535845030431997,0.015381126707242662,25x,full_data
28.3113798008535,4,1.078543583203554e-5,4.314174332814216e-5,30x,full_data
15,4,0.004701217146256589,0.009402434292513178,35x,full_data
