statistic,parameter,pvalue,bh,cycle,sub_sample_level
8.909090909090907,2,0.011625603038838512,0.011625603038838512,20x,full_data
16.936842105263153,4,0.001988332580269798,0.0035529748843612053,25x,full_data
29.774679943100978,4,5.439532666463536e-6,2.1758130665854144e-5,30x,full_data
16.28070175438596,4,0.0026647311632709042,0.0035529748843612053,35x,full_data
