effects	r_sq	p
subject	0.7919040097710297	1e-4
rounds	0.04381741586418625	1e-4
polymerase	0.03323148527482069	1e-4
