effects	r_sq	p
rounds	0.2051827728972437	1e-4
polymerase	0.1977060725689941	1e-4
