effects	r_sq	p
subject	0.7914383686726724	1e-4
rounds	0.04411314716655194	1e-4
polymerase	0.032606906204161894	1e-4
