effects	r_sq	p
rounds	0.20476335550138644	1e-4
polymerase	0.19736651844054276	1e-4
